City,County,School District,Scope,Category,Notes,Feed Name,Feed Format,Valid,Status Code,Feed URL
Auburn,King,Auburn School District,city,City Council,Discovered CivicClerk Meeting Portal,Auburn CivicClerk Portal,external_link,Yes,200,https://auburnwa.civicclerk.com
Maple Valley,King,Tahoma School District,school,Video Stream,Discovered Official YouTube Channel (@UC-yiQAmqsHs7y6SezGyDG_A) [Live Stream & Embed URL],Tahoma School District Official YouTube Channel,youtube_channel,Yes,200,https://www.youtube.com/channel/UC-yiQAmqsHs7y6SezGyDG_A
Maple Valley,King,Tahoma School District,school,Video Stream,Discovered Official YouTube Channel (@UC-yiQAmqsHs7y6SezGyDG_A) [Harvester Atom RSS Feed],Tahoma School District Official YouTube Channel,youtube_channel,Yes,200,https://www.youtube.com/feeds/videos.xml?channel_id=UC-yiQAmqsHs7y6SezGyDG_A
Duvall,King,Riverview School District,city,Video Stream,Discovered Official YouTube Channel (@UCOqh4hSk3ltYCToqSLmU5qw) [Live Stream & Embed URL],Duvall Official YouTube Channel,youtube_channel,Yes,200,https://www.youtube.com/channel/UCOqh4hSk3ltYCToqSLmU5qw
Duvall,King,Riverview School District,city,Video Stream,Discovered Official YouTube Channel (@UCOqh4hSk3ltYCToqSLmU5qw) [Harvester Atom RSS Feed],Duvall Official YouTube Channel,youtube_channel,Yes,200,https://www.youtube.com/feeds/videos.xml?channel_id=UCOqh4hSk3ltYCToqSLmU5qw
Des Moines,King,Highline School District,city,Video Stream,Discovered Official YouTube Channel (@UChx3_5qD7vH4QBRJtW_cQ2g) [Live Stream & Embed URL],Des Moines Official YouTube Channel,youtube_channel,Yes,200,https://www.youtube.com/channel/UChx3_5qD7vH4QBRJtW_cQ2g
Des Moines,King,Highline School District,city,Video Stream,Discovered Official YouTube Channel (@UChx3_5qD7vH4QBRJtW_cQ2g) [Harvester Atom RSS Feed],Des Moines Official YouTube Channel,youtube_channel,Yes,200,https://www.youtube.com/feeds/videos.xml?channel_id=UChx3_5qD7vH4QBRJtW_cQ2g
Issaquah,King,Issaquah School District,school,Video Stream,Discovered Official YouTube Channel (@UCfh4P5-N2FEu4Rg5zU5h_oA) [Live Stream & Embed URL],Issaquah School District Official YouTube Channel,youtube_channel,Yes,200,https://www.youtube.com/channel/UCfh4P5-N2FEu4Rg5zU5h_oA
Issaquah,King,Issaquah School District,school,Video Stream,Discovered Official YouTube Channel (@UCfh4P5-N2FEu4Rg5zU5h_oA) [Harvester Atom RSS Feed],Issaquah School District Official YouTube Channel,youtube_channel,Yes,200,https://www.youtube.com/feeds/videos.xml?channel_id=UCfh4P5-N2FEu4Rg5zU5h_oA
Bellevue,King,Bellevue School District,city,Video Stream,Discovered Official YouTube Channel (@UCW22suSoHWumwarCbu3NkOg) [Live Stream & Embed URL],Bellevue Official YouTube Channel,youtube_channel,Yes,200,https://www.youtube.com/channel/UCW22suSoHWumwarCbu3NkOg
Bellevue,King,Bellevue School District,city,Video Stream,Discovered Official YouTube Channel (@UCW22suSoHWumwarCbu3NkOg) [Harvester Atom RSS Feed],Bellevue Official YouTube Channel,youtube_channel,Yes,200,https://www.youtube.com/feeds/videos.xml?channel_id=UCW22suSoHWumwarCbu3NkOg
Enumclaw,King,Enumclaw School District,school,Video Stream,Discovered Official YouTube Channel (@UCB13q8cZlCLJlUoz2zrqeuQ) [Live Stream & Embed URL],Enumclaw School District Official YouTube Channel,youtube_channel,Yes,200,https://www.youtube.com/channel/UCB13q8cZlCLJlUoz2zrqeuQ
Enumclaw,King,Enumclaw School District,school,Video Stream,Discovered Official YouTube Channel (@UCB13q8cZlCLJlUoz2zrqeuQ) [Harvester Atom RSS Feed],Enumclaw School District Official YouTube Channel,youtube_channel,Yes,200,https://www.youtube.com/feeds/videos.xml?channel_id=UCB13q8cZlCLJlUoz2zrqeuQ
Mercer Island,King,Mercer Island School District,city,Video Stream,Discovered Official YouTube Channel (@UCeJ06MR44sdsy8WyuMl-dcw) [Live Stream & Embed URL],Mercer Island Official YouTube Channel,youtube_channel,Yes,200,https://www.youtube.com/channel/UCeJ06MR44sdsy8WyuMl-dcw
Mercer Island,King,Mercer Island School District,city,Video Stream,Discovered Official YouTube Channel (@UCeJ06MR44sdsy8WyuMl-dcw) [Harvester Atom RSS Feed],Mercer Island Official YouTube Channel,youtube_channel,Yes,200,https://www.youtube.com/feeds/videos.xml?channel_id=UCeJ06MR44sdsy8WyuMl-dcw
Des Moines,King,Highline School District,city,Video Stream,Discovered Official YouTube Channel (@desmoinescouncilmember308) [Live Stream & Embed URL],Des Moines Official YouTube Channel,youtube_channel,Yes,200,https://www.youtube.com/channel/UChx3_5qD7vH4QBRJtW_cQ2g
Des Moines,King,Highline School District,city,Video Stream,Discovered Official YouTube Channel (@desmoinescouncilmember308) [Harvester Atom RSS Feed],Des Moines Official YouTube Channel,youtube_channel,Yes,200,https://www.youtube.com/feeds/videos.xml?channel_id=UChx3_5qD7vH4QBRJtW_cQ2g
Newcastle,King,Issaquah School District,city,Video Stream,Discovered Official YouTube Channel (@UC8P81_WT5AtvuHGvrNBZbjg) [Live Stream & Embed URL],Newcastle Official YouTube Channel,youtube_channel,Yes,200,https://www.youtube.com/channel/UC8P81_WT5AtvuHGvrNBZbjg
Newcastle,King,Issaquah School District,city,Video Stream,Discovered Official YouTube Channel (@UC8P81_WT5AtvuHGvrNBZbjg) [Harvester Atom RSS Feed],Newcastle Official YouTube Channel,youtube_channel,Yes,200,https://www.youtube.com/feeds/videos.xml?channel_id=UC8P81_WT5AtvuHGvrNBZbjg
Normandy Park,King,Highline School District,city,Video Stream,Discovered Official YouTube Channel (@UCNggpFGP2Z4wUGGZjpTsw2g) [Live Stream & Embed URL],Normandy Park Official YouTube Channel,youtube_channel,Yes,200,https://www.youtube.com/channel/UCNggpFGP2Z4wUGGZjpTsw2g
Normandy Park,King,Highline School District,city,Video Stream,Discovered Official YouTube Channel (@UCNggpFGP2Z4wUGGZjpTsw2g) [Harvester Atom RSS Feed],Normandy Park Official YouTube Channel,youtube_channel,Yes,200,https://www.youtube.com/feeds/videos.xml?channel_id=UCNggpFGP2Z4wUGGZjpTsw2g
North Bend,King,Snoqualmie Valley School District,city,Video Stream,Discovered Official YouTube Channel (@UCXyoDSWWOczdIGgqxv4coFw) [Live Stream & Embed URL],North Bend Official YouTube Channel,youtube_channel,Yes,200,https://www.youtube.com/channel/UCXyoDSWWOczdIGgqxv4coFw
North Bend,King,Snoqualmie Valley School District,city,Video Stream,Discovered Official YouTube Channel (@UCXyoDSWWOczdIGgqxv4coFw) [Harvester Atom RSS Feed],North Bend Official YouTube Channel,youtube_channel,Yes,200,https://www.youtube.com/feeds/videos.xml?channel_id=UCXyoDSWWOczdIGgqxv4coFw
Mercer Island,King,Mercer Island School District,school,Video Stream,Discovered Official YouTube Channel (@misdcommunications9957) [Live Stream & Embed URL],Mercer Island School District Official YouTube Channel,youtube_channel,Yes,200,https://www.youtube.com/channel/UC1hqcU57Zps4V2YEGtNyGVw
Mercer Island,King,Mercer Island School District,school,Video Stream,Discovered Official YouTube Channel (@misdcommunications9957) [Harvester Atom RSS Feed],Mercer Island School District Official YouTube Channel,youtube_channel,Yes,200,https://www.youtube.com/feeds/videos.xml?channel_id=UC1hqcU57Zps4V2YEGtNyGVw
Mercer Island,King,Mercer Island School District,city,Video Stream,Discovered Official YouTube Channel (@cityofmercerisland) [Live Stream & Embed URL],Mercer Island Official YouTube Channel,youtube_channel,Yes,200,https://www.youtube.com/channel/UCcI3rRK2kIn-H9Qd6FZEP7w
Mercer Island,King,Mercer Island School District,city,Video Stream,Discovered Official YouTube Channel (@cityofmercerisland) [Harvester Atom RSS Feed],Mercer Island Official YouTube Channel,youtube_channel,Yes,200,https://www.youtube.com/feeds/videos.xml?channel_id=UCcI3rRK2kIn-H9Qd6FZEP7w
Kent,King,Kent School District,school,Video Stream,Discovered Official YouTube Channel (@KentSchoolDistrictIT) [Live Stream & Embed URL],Kent School District Official YouTube Channel,youtube_channel,Yes,200,https://www.youtube.com/channel/UC2z8JWPppEQ_aNEN02WpvBw
Kent,King,Kent School District,school,Video Stream,Discovered Official YouTube Channel (@KentSchoolDistrictIT) [Harvester Atom RSS Feed],Kent School District Official YouTube Channel,youtube_channel,Yes,200,https://www.youtube.com/feeds/videos.xml?channel_id=UC2z8JWPppEQ_aNEN02WpvBw
Milton,King,Fife School District,city,Video Stream,Discovered Official YouTube Channel (@miltonwa) [Live Stream & Embed URL],Milton Official YouTube Channel,youtube_channel,Yes,200,https://www.youtube.com/channel/UC8_CcLLwFqWtFQuFFsVaO7g
Milton,King,Fife School District,city,Video Stream,Discovered Official YouTube Channel (@miltonwa) [Harvester Atom RSS Feed],Milton Official YouTube Channel,youtube_channel,Yes,200,https://www.youtube.com/feeds/videos.xml?channel_id=UC8_CcLLwFqWtFQuFFsVaO7g
Kenmore,King,Northshore School District,city,Video Stream,Discovered Official YouTube Channel () [Live Stream & Embed URL],Kenmore Official YouTube Channel,youtube_channel,Yes,200,https://www.youtube.com/channel/UC5M2Jyz38UIea_Q-RKXE0og
Kenmore,King,Northshore School District,city,Video Stream,Discovered Official YouTube Channel () [Harvester Atom RSS Feed],Kenmore Official YouTube Channel,youtube_channel,Yes,200,https://www.youtube.com/feeds/videos.xml?channel_id=UC5M2Jyz38UIea_Q-RKXE0og
Auburn,King,Auburn School District,city,Video Stream,Discovered Official YouTube Channel (@komonews) [Live Stream & Embed URL],Auburn Official YouTube Channel,youtube_channel,Yes,200,https://www.youtube.com/channel/UCQpj3Ocl_uy8IJzdX0O0-IA
Auburn,King,Auburn School District,city,Video Stream,Discovered Official YouTube Channel (@komonews) [Harvester Atom RSS Feed],Auburn Official YouTube Channel,youtube_channel,Yes,200,https://www.youtube.com/feeds/videos.xml?channel_id=UCQpj3Ocl_uy8IJzdX0O0-IA
Federal Way,King,Federal Way Public Schools,city,Video Stream,Discovered Official YouTube Channel (@FWYoutube) [Live Stream & Embed URL],Federal Way Official YouTube Channel,youtube_channel,Yes,200,https://www.youtube.com/channel/UCSKkw4enJGn9TuMfV3bQAbQ
Federal Way,King,Federal Way Public Schools,city,Video Stream,Discovered Official YouTube Channel (@FWYoutube) [Harvester Atom RSS Feed],Federal Way Official YouTube Channel,youtube_channel,Yes,200,https://www.youtube.com/feeds/videos.xml?channel_id=UCSKkw4enJGn9TuMfV3bQAbQ
Snoqualmie,King,Snoqualmie Valley School District,city,Video Stream,Discovered Official YouTube Channel (@UCagVMZC1tjIfayBZ-VthGUg) [Live Stream & Embed URL],Snoqualmie Official YouTube Channel,youtube_channel,Yes,200,https://www.youtube.com/channel/UCagVMZC1tjIfayBZ-VthGUg
Snoqualmie,King,Snoqualmie Valley School District,city,Video Stream,Discovered Official YouTube Channel (@UCagVMZC1tjIfayBZ-VthGUg) [Harvester Atom RSS Feed],Snoqualmie Official YouTube Channel,youtube_channel,Yes,200,https://www.youtube.com/feeds/videos.xml?channel_id=UCagVMZC1tjIfayBZ-VthGUg
Duvall,King,Riverview School District,city,Video Stream,Discovered Official YouTube Channel (@cityofduvallcouncil) [Live Stream & Embed URL],Duvall Official YouTube Channel,youtube_channel,Yes,200,https://www.youtube.com/channel/UCOqh4hSk3ltYCToqSLmU5qw
Duvall,King,Riverview School District,city,Video Stream,Discovered Official YouTube Channel (@cityofduvallcouncil) [Harvester Atom RSS Feed],Duvall Official YouTube Channel,youtube_channel,Yes,200,https://www.youtube.com/feeds/videos.xml?channel_id=UCOqh4hSk3ltYCToqSLmU5qw
Medina,King,Bellevue School District,school,Video Stream,Discovered Official YouTube Channel (@bsd405) [Live Stream & Embed URL],Bellevue School District Official YouTube Channel,youtube_channel,Yes,200,https://www.youtube.com/channel/UCb4Hoh9cTgXul7qYHH1nwmA
Medina,King,Bellevue School District,school,Video Stream,Discovered Official YouTube Channel (@bsd405) [Harvester Atom RSS Feed],Bellevue School District Official YouTube Channel,youtube_channel,Yes,200,https://www.youtube.com/feeds/videos.xml?channel_id=UCb4Hoh9cTgXul7qYHH1nwmA
Bothell,"King,Snohomish",Northshore School District,city,Video Stream,Discovered Official YouTube Channel (@UCcGJ_SkourBk4tv3DoF-tlg) [Live Stream & Embed URL],Bothell Official YouTube Channel,youtube_channel,Yes,200,https://www.youtube.com/channel/UCcGJ_SkourBk4tv3DoF-tlg
Bothell,"King,Snohomish",Northshore School District,city,Video Stream,Discovered Official YouTube Channel (@UCcGJ_SkourBk4tv3DoF-tlg) [Harvester Atom RSS Feed],Bothell Official YouTube Channel,youtube_channel,Yes,200,https://www.youtube.com/feeds/videos.xml?channel_id=UCcGJ_SkourBk4tv3DoF-tlg
Bothell,"King,Snohomish",Northshore School District,city,Video Stream,Discovered Official YouTube Channel (@UCy9QcHmduG-Ytnpx-mMDerQ) [Live Stream & Embed URL],Bothell Official YouTube Channel,youtube_channel,Yes,200,https://www.youtube.com/channel/UCy9QcHmduG-Ytnpx-mMDerQ
Bothell,"King,Snohomish",Northshore School District,city,Video Stream,Discovered Official YouTube Channel (@UCy9QcHmduG-Ytnpx-mMDerQ) [Harvester Atom RSS Feed],Bothell Official YouTube Channel,youtube_channel,Yes,200,https://www.youtube.com/feeds/videos.xml?channel_id=UCy9QcHmduG-Ytnpx-mMDerQ
Arlington,Snohomish,Arlington School District,school,Video Stream,Discovered Official YouTube Channel (@UCRj68uITGif4eLk-RkC5CIQ) [Live Stream & Embed URL],Arlington School District Official YouTube Channel,youtube_channel,Yes,200,https://www.youtube.com/channel/UCRj68uITGif4eLk-RkC5CIQ
Arlington,Snohomish,Arlington School District,school,Video Stream,Discovered Official YouTube Channel (@UCRj68uITGif4eLk-RkC5CIQ) [Harvester Atom RSS Feed],Arlington School District Official YouTube Channel,youtube_channel,Yes,200,https://www.youtube.com/feeds/videos.xml?channel_id=UCRj68uITGif4eLk-RkC5CIQ
Sammamish,King,"Lake Washington School District,Issaquah School District",city,Video Stream,Discovered Official YouTube Channel (@Sammamish) [Live Stream & Embed URL],Sammamish Official YouTube Channel,youtube_channel,Yes,200,https://www.youtube.com/channel/UCouPqQz1MSudhAdgiriLC8A
Sammamish,King,"Lake Washington School District,Issaquah School District",city,Video Stream,Discovered Official YouTube Channel (@Sammamish) [Harvester Atom RSS Feed],Sammamish Official YouTube Channel,youtube_channel,Yes,200,https://www.youtube.com/feeds/videos.xml?channel_id=UCouPqQz1MSudhAdgiriLC8A
Renton,King,Renton School District,city,Video Stream,Targeted Override (YOUTUBE) [Live Stream & Embed URL],Renton Official Youtube Portal,youtube_channel,Yes,200,https://www.youtube.com/channel/UCAC5yq7FaxCD_ARYAhKnYKg
Renton,King,Renton School District,city,Video Stream,Targeted Override (YOUTUBE) [Harvester Atom RSS Feed],Renton Official Youtube Portal,youtube_channel,Yes,200,https://www.youtube.com/feeds/videos.xml?channel_id=UCAC5yq7FaxCD_ARYAhKnYKg
Woodinville,King,Northshore School District,city,Video Stream,Discovered Official YouTube Channel (@woodinvillegov) [Live Stream & Embed URL],Woodinville Official YouTube Channel,youtube_channel,Yes,200,https://www.youtube.com/channel/UCtGO2VKHr22rHNEzTLFV06Q
Woodinville,King,Northshore School District,city,Video Stream,Discovered Official YouTube Channel (@woodinvillegov) [Harvester Atom RSS Feed],Woodinville Official YouTube Channel,youtube_channel,Yes,200,https://www.youtube.com/feeds/videos.xml?channel_id=UCtGO2VKHr22rHNEzTLFV06Q
Granite Falls,Snohomish,Granite Falls School District,school,Video Stream,Discovered Official YouTube Channel (@UCWA7zwUNVfXK1OXiZLcuVcQ) [Live Stream & Embed URL],Granite Falls School District Official YouTube Channel,youtube_channel,Yes,200,https://www.youtube.com/channel/UCWA7zwUNVfXK1OXiZLcuVcQ
Granite Falls,Snohomish,Granite Falls School District,school,Video Stream,Discovered Official YouTube Channel (@UCWA7zwUNVfXK1OXiZLcuVcQ) [Harvester Atom RSS Feed],Granite Falls School District Official YouTube Channel,youtube_channel,Yes,200,https://www.youtube.com/feeds/videos.xml?channel_id=UCWA7zwUNVfXK1OXiZLcuVcQ
SeaTac,King,Highline School District,city,Video Stream,Targeted Override (YOUTUBE) [Live Stream & Embed URL],SeaTac Official Youtube Portal,youtube_channel,Yes,200,https://www.youtube.com/channel/UCNPgivLDb5P9_J78VG3M9UQ
SeaTac,King,Highline School District,city,Video Stream,Targeted Override (YOUTUBE) [Harvester Atom RSS Feed],SeaTac Official Youtube Portal,youtube_channel,Yes,200,https://www.youtube.com/feeds/videos.xml?channel_id=UCNPgivLDb5P9_J78VG3M9UQ
Arlington,Snohomish,Arlington School District,city,Video Stream,Discovered Official YouTube Channel (@UC7CKyaKxa00Kwn7du7KqkxQ) [Live Stream & Embed URL],Arlington Official YouTube Channel,youtube_channel,Yes,200,https://www.youtube.com/channel/UC7CKyaKxa00Kwn7du7KqkxQ
Arlington,Snohomish,Arlington School District,city,Video Stream,Discovered Official YouTube Channel (@UC7CKyaKxa00Kwn7du7KqkxQ) [Harvester Atom RSS Feed],Arlington Official YouTube Channel,youtube_channel,Yes,200,https://www.youtube.com/feeds/videos.xml?channel_id=UC7CKyaKxa00Kwn7du7KqkxQ
Snoqualmie,King,Snoqualmie Valley School District,school,Video Stream,Discovered Official YouTube Channel (@snoqualmievalleyschooldist7611) [Live Stream & Embed URL],Snoqualmie Valley School District Official YouTube Channel,youtube_channel,Yes,200,https://www.youtube.com/channel/UCHnEYnLrt4fKYFt4ye02mbw
Snoqualmie,King,Snoqualmie Valley School District,school,Video Stream,Discovered Official YouTube Channel (@snoqualmievalleyschooldist7611) [Harvester Atom RSS Feed],Snoqualmie Valley School District Official YouTube Channel,youtube_channel,Yes,200,https://www.youtube.com/feeds/videos.xml?channel_id=UCHnEYnLrt4fKYFt4ye02mbw
Snoqualmie,King,Snoqualmie Valley School District,city,Video Stream,Discovered Official YouTube Channel (@SnoqualmieCityGovt) [Live Stream & Embed URL],Snoqualmie Official YouTube Channel,youtube_channel,Yes,200,https://www.youtube.com/channel/UCagVMZC1tjIfayBZ-VthGUg
Snoqualmie,King,Snoqualmie Valley School District,city,Video Stream,Discovered Official YouTube Channel (@SnoqualmieCityGovt) [Harvester Atom RSS Feed],Snoqualmie Official YouTube Channel,youtube_channel,Yes,200,https://www.youtube.com/feeds/videos.xml?channel_id=UCagVMZC1tjIfayBZ-VthGUg
Shoreline,King,Shoreline School District,city,Video Stream,Targeted Override (YOUTUBE) [Live Stream & Embed URL],Shoreline Official Youtube Portal,youtube_channel,Yes,200,https://www.youtube.com/channel/UC6DYg7XNsHqoM9z7Xu_NCrg
Shoreline,King,Shoreline School District,city,Video Stream,Targeted Override (YOUTUBE) [Harvester Atom RSS Feed],Shoreline Official Youtube Portal,youtube_channel,Yes,200,https://www.youtube.com/feeds/videos.xml?channel_id=UC6DYg7XNsHqoM9z7Xu_NCrg
Marysville,Snohomish,Marysville School District,school,Video Stream,Discovered Official YouTube Channel (@UCwkK1wAI6p7JJK3_-ExF2Ng) [Live Stream & Embed URL],Marysville School District Official YouTube Channel,youtube_channel,Yes,200,https://www.youtube.com/channel/UCwkK1wAI6p7JJK3_-ExF2Ng
Marysville,Snohomish,Marysville School District,school,Video Stream,Discovered Official YouTube Channel (@UCwkK1wAI6p7JJK3_-ExF2Ng) [Harvester Atom RSS Feed],Marysville School District Official YouTube Channel,youtube_channel,Yes,200,https://www.youtube.com/feeds/videos.xml?channel_id=UCwkK1wAI6p7JJK3_-ExF2Ng
Bothell,"King,Snohomish",Northshore School District,city,Video Stream,Discovered Official YouTube Channel (@CityofBothell) [Live Stream & Embed URL],Bothell Official YouTube Channel,youtube_channel,Yes,200,https://www.youtube.com/channel/UCcGJ_SkourBk4tv3DoF-tlg
Bothell,"King,Snohomish",Northshore School District,city,Video Stream,Discovered Official YouTube Channel (@CityofBothell) [Harvester Atom RSS Feed],Bothell Official YouTube Channel,youtube_channel,Yes,200,https://www.youtube.com/feeds/videos.xml?channel_id=UCcGJ_SkourBk4tv3DoF-tlg
Seattle,King,Seattle Public Schools,school,Video Stream,Discovered Official YouTube Channel (@SeattlePublicSchoolsTV) [Live Stream & Embed URL],Seattle Public Schools Official YouTube Channel,youtube_channel,Yes,200,https://www.youtube.com/channel/UCbWeZY-zLJIpQG-xsJ1Xy2Q
Seattle,King,Seattle Public Schools,school,Video Stream,Discovered Official YouTube Channel (@SeattlePublicSchoolsTV) [Harvester Atom RSS Feed],Seattle Public Schools Official YouTube Channel,youtube_channel,Yes,200,https://www.youtube.com/feeds/videos.xml?channel_id=UCbWeZY-zLJIpQG-xsJ1Xy2Q
Darrington,Snohomish,Darrington School District,school,Video Stream,Discovered Official YouTube Channel (@DarringtonSchoolDistrict) [Live Stream & Embed URL],Darrington School District Official YouTube Channel,youtube_channel,Yes,200,https://www.youtube.com/channel/UCPwlM9t7XAgWbS_Kqt5buTQ
Darrington,Snohomish,Darrington School District,school,Video Stream,Discovered Official YouTube Channel (@DarringtonSchoolDistrict) [Harvester Atom RSS Feed],Darrington School District Official YouTube Channel,youtube_channel,Yes,200,https://www.youtube.com/feeds/videos.xml?channel_id=UCPwlM9t7XAgWbS_Kqt5buTQ
Everett,Snohomish,Everett School District,city,Video Stream,Discovered Official YouTube Channel (@TheCityofEverett) [Live Stream & Embed URL],Everett Official YouTube Channel,youtube_channel,Yes,200,https://www.youtube.com/channel/UCALQhZZdpFlOSnfZveN0tlQ
Everett,Snohomish,Everett School District,city,Video Stream,Discovered Official YouTube Channel (@TheCityofEverett) [Harvester Atom RSS Feed],Everett Official YouTube Channel,youtube_channel,Yes,200,https://www.youtube.com/feeds/videos.xml?channel_id=UCALQhZZdpFlOSnfZveN0tlQ
Lynnwood,Snohomish,Edmonds School District,school,Video Stream,Discovered Official YouTube Channel (@EdmondsSD) [Live Stream & Embed URL],Edmonds School District Official YouTube Channel,youtube_channel,Yes,200,https://www.youtube.com/channel/UC0bC2uPuTGZrThIBIQjc-aA
Lynnwood,Snohomish,Edmonds School District,school,Video Stream,Discovered Official YouTube Channel (@EdmondsSD) [Harvester Atom RSS Feed],Edmonds School District Official YouTube Channel,youtube_channel,Yes,200,https://www.youtube.com/feeds/videos.xml?channel_id=UC0bC2uPuTGZrThIBIQjc-aA
Marysville,Snohomish,Marysville School District,school,Video Stream,Discovered Official YouTube Channel (@marysvillesd) [Live Stream & Embed URL],Marysville School District Official YouTube Channel,youtube_channel,Yes,200,https://www.youtube.com/channel/UCwkK1wAI6p7JJK3_-ExF2Ng
Marysville,Snohomish,Marysville School District,school,Video Stream,Discovered Official YouTube Channel (@marysvillesd) [Harvester Atom RSS Feed],Marysville School District Official YouTube Channel,youtube_channel,Yes,200,https://www.youtube.com/feeds/videos.xml?channel_id=UCwkK1wAI6p7JJK3_-ExF2Ng
Mukilteo,Snohomish,Mukilteo School District,city,Video Stream,Discovered Official YouTube Channel (@cityofmukilteowa) [Live Stream & Embed URL],Mukilteo Official YouTube Channel,youtube_channel,Yes,200,https://www.youtube.com/channel/UCbS8hcIPsyF_GP8_c9U6QtQ
Mukilteo,Snohomish,Mukilteo School District,city,Video Stream,Discovered Official YouTube Channel (@cityofmukilteowa) [Harvester Atom RSS Feed],Mukilteo Official YouTube Channel,youtube_channel,Yes,200,https://www.youtube.com/feeds/videos.xml?channel_id=UCbS8hcIPsyF_GP8_c9U6QtQ
Monroe,Snohomish,Monroe School District,city,Video Stream,Discovered Official YouTube Channel (@MonroeWA) [Live Stream & Embed URL],Monroe Official YouTube Channel,youtube_channel,Yes,200,https://www.youtube.com/channel/UC1W79EQInShzhg4RsJH6Ahw
Monroe,Snohomish,Monroe School District,city,Video Stream,Discovered Official YouTube Channel (@MonroeWA) [Harvester Atom RSS Feed],Monroe Official YouTube Channel,youtube_channel,Yes,200,https://www.youtube.com/feeds/videos.xml?channel_id=UC1W79EQInShzhg4RsJH6Ahw
Mukilteo,Snohomish,Mukilteo School District,school,Video Stream,Discovered Official YouTube Channel (@MukilteoSchoolDistrict) [Live Stream & Embed URL],Mukilteo School District Official YouTube Channel,youtube_channel,Yes,200,https://www.youtube.com/channel/UCHUDgNslCsclnXWT8CCN6jg
Mukilteo,Snohomish,Mukilteo School District,school,Video Stream,Discovered Official YouTube Channel (@MukilteoSchoolDistrict) [Harvester Atom RSS Feed],Mukilteo School District Official YouTube Channel,youtube_channel,Yes,200,https://www.youtube.com/feeds/videos.xml?channel_id=UCHUDgNslCsclnXWT8CCN6jg
Marysville,Snohomish,Marysville School District,city,Video Stream,Discovered Official YouTube Channel (@CityofMarysvilleWA) [Live Stream & Embed URL],Marysville Official YouTube Channel,youtube_channel,Yes,200,https://www.youtube.com/channel/UCF0ZSamQMXlx0p3Tio9rUVQ
Marysville,Snohomish,Marysville School District,city,Video Stream,Discovered Official YouTube Channel (@CityofMarysvilleWA) [Harvester Atom RSS Feed],Marysville Official YouTube Channel,youtube_channel,Yes,200,https://www.youtube.com/feeds/videos.xml?channel_id=UCF0ZSamQMXlx0p3Tio9rUVQ
Marysville,Snohomish,Marysville School District,school,Video Stream,Discovered Official YouTube Channel (@tulaliptv) [Live Stream & Embed URL],Marysville School District Official YouTube Channel,youtube_channel,Yes,200,https://www.youtube.com/channel/UCaJY83XSpgbbQ8LY5TzQaPw
Marysville,Snohomish,Marysville School District,school,Video Stream,Discovered Official YouTube Channel (@tulaliptv) [Harvester Atom RSS Feed],Marysville School District Official YouTube Channel,youtube_channel,Yes,200,https://www.youtube.com/feeds/videos.xml?channel_id=UCaJY83XSpgbbQ8LY5TzQaPw
Sultan,Snohomish,Sultan School District,school,Video Stream,Discovered Official YouTube Channel (@sultanschooldistrict5727) [Live Stream & Embed URL],Sultan School District Official YouTube Channel,youtube_channel,Yes,200,https://www.youtube.com/channel/UCnmdgbWfeQtJBESkDbx2ebQ
Sultan,Snohomish,Sultan School District,school,Video Stream,Discovered Official YouTube Channel (@sultanschooldistrict5727) [Harvester Atom RSS Feed],Sultan School District Official YouTube Channel,youtube_channel,Yes,200,https://www.youtube.com/feeds/videos.xml?channel_id=UCnmdgbWfeQtJBESkDbx2ebQ
Auburn,King,Auburn School District,city,Video Stream,Targeted Override (GRANICUS),Auburn Official Granicus Portal,granicus,Yes,200,https://auburn.granicus.com/ViewPublisher.php?view_id=2
Auburn,King,Auburn School District,school,News Feed,Direct RSS Feed (/rss.cfm?news=0),Auburn School District RSS Feed,rss,Yes,200,https://www.auburn.wednet.edu/rss.cfm?news=0
Bellevue,King,Bellevue School District,city,City Council,Discovered Legistar Agenda & Video Portal,Bellevue Legistar Portal,legistar,Yes,200,https://bellevue.legistar.com/Calendar.aspx
Bellevue,King,Bellevue School District,city,Municipal RSS,Scraped RSS via /calendar,Bellevue RSS Feed,rss,Yes,200,https://bellevuewa.gov/calendar/events.xml
Burien,King,Highline School District,school,News Feed,Direct RSS Feed (/rss.cfm?news=0),Highline School District RSS Feed,rss,Yes,200,https://www.highlineschools.org/rss.cfm?news=0
Carnation,King,Riverview School District,city,Municipal RSS,Direct RSS Feed (/feed/),Carnation RSS Feed,rss,Yes,200,https://www.carnationwa.gov/feed/
Duvall,King,Riverview School District,city,Municipal RSS,Direct RSS Feed (/RSSFeed.aspx?ModID=1&MainCatID=1),Duvall RSS Feed,rss,Yes,200,https://www.duvallwa.gov/RSSFeed.aspx?ModID=1&MainCatID=1
Duvall,King,Riverview School District,city,Community Events,Direct RSS Feed (/RSSFeed.aspx?ModID=58&MainCatID=1),Duvall RSS Feed,rss,Yes,200,https://www.duvallwa.gov/RSSFeed.aspx?ModID=58&MainCatID=1
Duvall,King,Riverview School District,school,Municipal RSS,Scraped RSS via homepage,Riverview School District RSS Feed,rss,Yes,200,https://www.rsd407.org/blog-feed.xml
Enumclaw,King,Enumclaw School District,city,Municipal RSS,Direct RSS Feed (/RSSFeed.aspx?ModID=1&MainCatID=1),Enumclaw RSS Feed,rss,Yes,200,https://www.cityofenumclaw.net/RSSFeed.aspx?ModID=1&MainCatID=1
Enumclaw,King,Enumclaw School District,city,Community Events,Direct RSS Feed (/RSSFeed.aspx?ModID=58&MainCatID=1),Enumclaw RSS Feed,rss,Yes,200,https://www.cityofenumclaw.net/RSSFeed.aspx?ModID=58&MainCatID=1
Issaquah,King,Issaquah School District,city,Municipal RSS,Direct RSS Feed (/RSSFeed.aspx?ModID=1&MainCatID=1),Issaquah RSS Feed,rss,Yes,200,https://www.issaquahwa.gov/RSSFeed.aspx?ModID=1&MainCatID=1
Issaquah,King,Issaquah School District,city,Community Events,Direct RSS Feed (/RSSFeed.aspx?ModID=58&MainCatID=1),Issaquah RSS Feed,rss,Yes,200,https://www.issaquahwa.gov/RSSFeed.aspx?ModID=58&MainCatID=1
Kenmore,King,Northshore School District,city,City Council,Discovered CivicClerk Meeting Portal,Kenmore CivicClerk Portal,external_link,Yes,200,https://kenmorewa.civicclerk.com
Lake Forest Park,King,Shoreline School District,city,Municipal RSS,Direct RSS Feed (/RSSFeed.aspx?ModID=1&MainCatID=1),Lake Forest Park RSS Feed,rss,Yes,200,https://www.cityoflfp.gov/RSSFeed.aspx?ModID=1&MainCatID=1
Lake Forest Park,King,Shoreline School District,city,Community Events,Direct RSS Feed (/RSSFeed.aspx?ModID=58&MainCatID=1),Lake Forest Park RSS Feed,rss,Yes,200,https://www.cityoflfp.gov/RSSFeed.aspx?ModID=58&MainCatID=1
Medina,King,Bellevue School District,city,City Council,Discovered CivicClerk Meeting Portal,Medina CivicClerk Portal,external_link,Yes,200,https://medinawa.civicclerk.com
Milton,King,Fife School District,city,Municipal RSS,Direct RSS Feed (/RSSFeed.aspx?ModID=1&MainCatID=1),Milton RSS Feed,rss,Yes,200,https://www.cityofmilton.net/RSSFeed.aspx?ModID=1&MainCatID=1
Milton,King,Fife School District,city,Community Events,Direct RSS Feed (/RSSFeed.aspx?ModID=58&MainCatID=1),Milton RSS Feed,rss,Yes,200,https://www.cityofmilton.net/RSSFeed.aspx?ModID=58&MainCatID=1
Newcastle,King,Issaquah School District,city,Municipal RSS,Scraped RSS via homepage,Newcastle RSS Feed,rss,Yes,200,https://newcastlewa.gov/feed/
Normandy Park,King,Highline School District,city,Municipal RSS,Scraped RSS via homepage,Normandy Park RSS Feed,rss,Yes,200,https://normandyparkwa.gov/comments/feed/
Normandy Park,King,Highline School District,city,Municipal RSS,Scraped RSS via /events,Normandy Park RSS Feed,rss,Yes,200,https://normandyparkwa.gov/events/feed/
Normandy Park,King,Highline School District,city,Municipal RSS,Scraped RSS via homepage,Normandy Park RSS Feed,rss,Yes,200,https://normandyparkwa.gov/feed/
North Bend,King,Snoqualmie Valley School District,city,Municipal RSS,Direct RSS Feed (/RSSFeed.aspx?ModID=1&MainCatID=1),North Bend RSS Feed,rss,Yes,200,https://northbendwa.gov/RSSFeed.aspx?ModID=1&MainCatID=1
North Bend,King,Snoqualmie Valley School District,city,Community Events,Direct RSS Feed (/RSSFeed.aspx?ModID=58&MainCatID=1),North Bend RSS Feed,rss,Yes,200,https://northbendwa.gov/RSSFeed.aspx?ModID=58&MainCatID=1
Redmond,King,Lake Washington School District,city,Video Stream,Targeted Override (GRANICUS),Redmond Official Granicus Portal,granicus,Yes,200,https://redmond.granicus.com/ViewPublisher.php?view_id=2
Redmond,King,Lake Washington School District,city,City Council,Discovered Legistar Agenda & Video Portal,Redmond Legistar Portal,legistar,Yes,200,https://redmond.legistar.com/Calendar.aspx
Redmond,King,Lake Washington School District,school,News Feed,Direct RSS Feed (/rss.cfm?news=0),Lake Washington School District RSS Feed,rss,Yes,200,https://www.lwsd.org/rss.cfm?news=0
Redmond,King,Lake Washington School District,city,Municipal RSS,Direct RSS Feed (/RSSFeed.aspx?ModID=1&MainCatID=1),Redmond RSS Feed,rss,Yes,200,https://www.redmond.gov/RSSFeed.aspx?ModID=1&MainCatID=1
Redmond,King,Lake Washington School District,city,Community Events,Direct RSS Feed (/RSSFeed.aspx?ModID=58&MainCatID=1),Redmond RSS Feed,rss,Yes,200,https://www.redmond.gov/RSSFeed.aspx?ModID=58&MainCatID=1
Seattle,King,Seattle Public Schools,city,Video Stream,Discovered Seattle Channel PEG Broadcast,Seattle Channel Municipal Stream,external_link,Yes,200,https://www.seattlechannel.org
Seattle,King,Seattle Public Schools,city,City Council,Targeted Override (LEGISTAR),Seattle Official Legistar Portal,legistar,Yes,200,https://seattle.legistar.com/Calendar.aspx
Seattle,King,Seattle Public Schools,city,News Feed,Scraped RSS via /council,Seattle RSS Feed,rss,Yes,200,https://council.seattle.gov/category/news-releases/feed/
Seattle,King,Seattle Public Schools,city,News Feed,Scraped RSS via /news,Seattle RSS Feed,rss,Yes,200,https://news.seattle.gov/comments/feed/
Seattle,King,Seattle Public Schools,city,News Feed,Scraped RSS via /news,Seattle RSS Feed,rss,Yes,200,https://news.seattle.gov/feed/
Seattle,King,Seattle Public Schools,school,Municipal RSS,Scraped RSS via homepage,Seattle Public Schools RSS Feed,rss,Yes,200,https://www.seattleschools.org/comments/feed/
Seattle,King,Seattle Public Schools,school,Municipal RSS,Scraped RSS via /events,Seattle Public Schools RSS Feed,rss,Yes,200,https://www.seattleschools.org/events/feed/
Seattle,King,Seattle Public Schools,school,Municipal RSS,Scraped RSS via homepage,Seattle Public Schools RSS Feed,rss,Yes,200,https://www.seattleschools.org/feed/
Seattle,King,Seattle Public Schools,school,News Feed,Scraped RSS via /news,Seattle Public Schools RSS Feed,rss,Yes,200,https://www.seattleschools.org/news/feed/
Snoqualmie,King,Snoqualmie Valley School District,city,City Council,Discovered CivicClerk Meeting Portal,Snoqualmie CivicClerk Portal,external_link,Yes,200,https://snoqualmiewa.civicclerk.com
Snoqualmie,King,Snoqualmie Valley School District,city,Municipal RSS,Direct RSS Feed (/RSSFeed.aspx?ModID=1&MainCatID=1),Snoqualmie RSS Feed,rss,Yes,200,https://www.snoqualmiewa.gov/RSSFeed.aspx?ModID=1&MainCatID=1
Snoqualmie,King,Snoqualmie Valley School District,city,Community Events,Direct RSS Feed (/RSSFeed.aspx?ModID=58&MainCatID=1),Snoqualmie RSS Feed,rss,Yes,200,https://www.snoqualmiewa.gov/RSSFeed.aspx?ModID=58&MainCatID=1
Tukwila,King,Tukwila School District,city,Municipal RSS,Scraped RSS via homepage,Tukwila RSS Feed,rss,Yes,200,https://www.tukwilawa.gov/2212-2/feed/
Tukwila,King,Tukwila School District,city,Municipal RSS,Scraped RSS via homepage,Tukwila RSS Feed,rss,Yes,200,https://www.tukwilawa.gov/comments/feed/
Tukwila,King,Tukwila School District,city,Municipal RSS,Scraped RSS via /board,Tukwila RSS Feed,rss,Yes,200,https://www.tukwilawa.gov/event/board-commission-committee-applications-due/feed/
Tukwila,King,Tukwila School District,city,Municipal RSS,Scraped RSS via /events,Tukwila RSS Feed,rss,Yes,200,https://www.tukwilawa.gov/events/feed/
Tukwila,King,Tukwila School District,city,Municipal RSS,Scraped RSS via homepage,Tukwila RSS Feed,rss,Yes,200,https://www.tukwilawa.gov/feed/
Woodinville,King,Northshore School District,city,Video Stream,Discovered Granicus View ID 11,Woodinville Granicus Meeting Stream,granicus,Yes,200,https://www.woodinville.gov/163/Meetings-Agendas
Woodinville,King,Northshore School District,city,Municipal RSS,Direct RSS Feed (/RSSFeed.aspx?ModID=1&MainCatID=1),Woodinville RSS Feed,rss,Yes,200,https://www.woodinville.gov/RSSFeed.aspx?ModID=1&MainCatID=1
Woodinville,King,Northshore School District,city,Community Events,Direct RSS Feed (/RSSFeed.aspx?ModID=58&MainCatID=1),Woodinville RSS Feed,rss,Yes,200,https://www.woodinville.gov/RSSFeed.aspx?ModID=58&MainCatID=1
Yarrow Point,King,Bellevue School District,city,Municipal RSS,Scraped RSS via homepage,Yarrow Point RSS Feed,rss,Yes,200,https://yarrowpointwa.gov/comments/feed/
Yarrow Point,King,Bellevue School District,city,Municipal RSS,Scraped RSS via homepage,Yarrow Point RSS Feed,rss,Yes,200,https://yarrowpointwa.gov/feed/
Bothell,"King,Snohomish",Northshore School District,city,Municipal RSS,Direct RSS Feed (/RSSFeed.aspx?ModID=1&MainCatID=1),Bothell RSS Feed,rss,Yes,200,https://www.bothellwa.gov/RSSFeed.aspx?ModID=1&MainCatID=1
Bothell,"King,Snohomish",Northshore School District,city,Community Events,Direct RSS Feed (/RSSFeed.aspx?ModID=58&MainCatID=1),Bothell RSS Feed,rss,Yes,200,https://www.bothellwa.gov/RSSFeed.aspx?ModID=58&MainCatID=1
Arlington,Snohomish,Arlington School District,city,Municipal iCal,,Arlington iCal City Event Calendar Feed,ical,Yes,,https://www.arlingtonwa.gov/common/modules/iCalendar/iCalendar.aspx?catID=22&feed=calendar
Arlington,Snohomish,Arlington School District,city,Municipal RSS,Direct RSS Feed (/RSSFeed.aspx?ModID=1&MainCatID=1),Arlington RSS Feed,rss,Yes,200,https://www.arlingtonwa.gov/RSSFeed.aspx?ModID=1&MainCatID=1
Arlington,Snohomish,Arlington School District,city,Community Events,Direct RSS Feed (/RSSFeed.aspx?ModID=58&MainCatID=1),Arlington RSS Feed,rss,Yes,200,https://www.arlingtonwa.gov/RSSFeed.aspx?ModID=58&MainCatID=1
Arlington,Snohomish,Arlington School District,city,Video Stream,Discovered Swagit Vendor Subdomain Matrix,Arlington Swagit Meeting Portal,swagit,Yes,200,https://arlingtonwa.new.swagit.com
Arlington,Snohomish,Arlington School District,city,Video Stream,Discovered Swagit Vendor Subdomain Matrix,Arlington Swagit Meeting Portal,swagit,Yes,200,https://arlingtonwa.swagit.com
Darrington,Snohomish,Darrington School District,city,Municipal RSS,Scraped RSS via /events,Darrington RSS Feed,rss,Yes,200,https://townofdarrington.com/events/feed/
Darrington,Snohomish,Darrington School District,city,Municipal RSS,Scraped RSS via homepage,Darrington RSS Feed,rss,Yes,200,https://townofdarrington.com/feed/
Edmonds,Snohomish,Edmonds School District,school,News Feed,Direct RSS Feed (/rss.cfm?news=0),Edmonds School District RSS Feed,rss,Yes,200,https://www.edmonds.wednet.edu/rss.cfm?news=0
Edmonds,Snohomish,Edmonds School District,city,Video Stream,Discovered Swagit Vendor Subdomain Matrix,Edmonds Swagit Meeting Portal,swagit,Yes,200,https://edmondssd.new.swagit.com
Everett,Snohomish,Everett School District,city,Video Stream,Targeted Override (GRANICUS),Everett Official Granicus Portal,granicus,Yes,200,https://everett.granicus.com/ViewPublisher.php?view_id=2
Everett,Snohomish,Everett School District,city,Municipal RSS,Direct RSS Feed (/RSSFeed.aspx?ModID=1&MainCatID=1),Everett RSS Feed,rss,Yes,200,https://www.everettwa.gov/RSSFeed.aspx?ModID=1&MainCatID=1
Everett,Snohomish,Everett School District,city,Community Events,Direct RSS Feed (/RSSFeed.aspx?ModID=58&MainCatID=1),Everett RSS Feed,rss,Yes,200,https://www.everettwa.gov/RSSFeed.aspx?ModID=58&MainCatID=1
Gold Bar,Snohomish,Sultan School District,city,Municipal RSS,Scraped RSS via homepage,Gold Bar RSS Feed,rss,Yes,200,https://cityofgoldbar.us/comments/feed/
Gold Bar,Snohomish,Sultan School District,city,Municipal RSS,Scraped RSS via /events,Gold Bar RSS Feed,rss,Yes,200,https://cityofgoldbar.us/events/feed/
Gold Bar,Snohomish,Sultan School District,city,Municipal RSS,Scraped RSS via homepage,Gold Bar RSS Feed,rss,Yes,200,https://cityofgoldbar.us/feed/
Lake Stevens,Snohomish,Lake Stevens School District,city,Municipal RSS,Direct RSS Feed (/RSSFeed.aspx?ModID=1&MainCatID=1),Lake Stevens RSS Feed,rss,Yes,200,https://www.lakestevenswa.gov/RSSFeed.aspx?ModID=1&MainCatID=1
Lake Stevens,Snohomish,Lake Stevens School District,city,Community Events,Direct RSS Feed (/RSSFeed.aspx?ModID=58&MainCatID=1),Lake Stevens RSS Feed,rss,Yes,200,https://www.lakestevenswa.gov/RSSFeed.aspx?ModID=58&MainCatID=1
Lynnwood,Snohomish,Edmonds School District,city,Video Stream,Discovered Swagit Vendor Subdomain Matrix,Lynnwood Swagit Meeting Portal,swagit,Yes,200,https://lynnwoodwa.new.swagit.com
Lynnwood,Snohomish,Edmonds School District,city,Video Stream,Discovered Swagit Vendor Subdomain Matrix,Lynnwood Swagit Meeting Portal,swagit,Yes,200,https://lynnwoodwa.swagit.com
Marysville,Snohomish,Marysville School District,city,City Council,Discovered CivicClerk Meeting Portal,Marysville CivicClerk Portal,external_link,Yes,200,https://marysvillewa.civicclerk.com
Marysville,Snohomish,Marysville School District,city,Video Stream,Targeted Override (GRANICUS),Marysville Official Granicus Portal,granicus,Yes,200,https://marysville.granicus.com/ViewPublisher.php?view_id=2
Marysville,Snohomish,Marysville School District,city,Municipal RSS,Direct RSS Feed (/RSSFeed.aspx?ModID=1&MainCatID=1),Marysville RSS Feed,rss,Yes,200,https://www.marysvillewa.gov/RSSFeed.aspx?ModID=1&MainCatID=1
Marysville,Snohomish,Marysville School District,city,Community Events,Direct RSS Feed (/RSSFeed.aspx?ModID=58&MainCatID=1),Marysville RSS Feed,rss,Yes,200,https://www.marysvillewa.gov/RSSFeed.aspx?ModID=58&MainCatID=1
Marysville,Snohomish,Marysville School District,school,Video Stream,Discovered Official YouTube Channel (@ucwkk1wai6p7jjk3_-exf2ng) [Live Stream & Embed URL],Marysville School District Official YouTube Channel,youtube_channel,Yes,200,https://www.youtube.com/@ucwkk1wai6p7jjk3_-exf2ng
Marysville,Snohomish,Marysville School District,school,Video Stream,Discovered Official YouTube Channel (@ucwkk1wai6p7jjk3_-exf2ng) [Harvester Atom RSS Feed],Marysville School District Official YouTube Channel,youtube_channel,Yes,200,https://www.youtube.com/@ucwkk1wai6p7jjk3_-exf2ng
Monroe,Snohomish,Monroe School District,city,Municipal RSS,Direct RSS Feed (/RSSFeed.aspx?ModID=1&MainCatID=1),Monroe RSS Feed,rss,Yes,200,https://www.monroewa.gov/RSSFeed.aspx?ModID=1&MainCatID=1
Monroe,Snohomish,Monroe School District,city,Community Events,Direct RSS Feed (/RSSFeed.aspx?ModID=58&MainCatID=1),Monroe RSS Feed,rss,Yes,200,https://www.monroewa.gov/RSSFeed.aspx?ModID=58&MainCatID=1
Mountlake Terrace,Snohomish,Edmonds School District,city,Municipal RSS,Direct RSS Feed (/RSSFeed.aspx?ModID=1&MainCatID=1),Mountlake Terrace RSS Feed,rss,Yes,200,https://www.cityofmlt.com/RSSFeed.aspx?ModID=1&MainCatID=1
Mountlake Terrace,Snohomish,Edmonds School District,city,Community Events,Direct RSS Feed (/RSSFeed.aspx?ModID=58&MainCatID=1),Mountlake Terrace RSS Feed,rss,Yes,200,https://www.cityofmlt.com/RSSFeed.aspx?ModID=58&MainCatID=1
Mukilteo,Snohomish,Mukilteo School District,city,Video Stream,Discovered Granicus View ID 4,Mukilteo Granicus Meeting Stream,granicus,Yes,200,https://mukilteowa.gov/325/Meeting-Agendas-Minutes-Audio-Video
Mukilteo,Snohomish,Mukilteo School District,city,Municipal RSS,Direct RSS Feed (/RSSFeed.aspx?ModID=1&MainCatID=1),Mukilteo RSS Feed,rss,Yes,200,https://mukilteowa.gov/RSSFeed.aspx?ModID=1&MainCatID=1
Mukilteo,Snohomish,Mukilteo School District,city,Community Events,Direct RSS Feed (/RSSFeed.aspx?ModID=58&MainCatID=1),Mukilteo RSS Feed,rss,Yes,200,https://mukilteowa.gov/RSSFeed.aspx?ModID=58&MainCatID=1
Snohomish,Snohomish,Snohomish School District,city,City Council,Discovered Legistar Agenda & Video Portal,Snohomish Legistar Portal,legistar,Yes,200,https://snohomish.legistar.com/Calendar.aspx
Snohomish,Snohomish,Snohomish School District,school,News Feed,Direct RSS Feed (/rss.cfm?news=0),Snohomish School District RSS Feed,rss,Yes,200,https://www.sno.wednet.edu/rss.cfm?news=0
Snohomish,Snohomish,Snohomish School District,city,Municipal RSS,Direct RSS Feed (/RSSFeed.aspx?ModID=1&MainCatID=1),Snohomish RSS Feed,rss,Yes,200,https://www.snohomishwa.gov/RSSFeed.aspx?ModID=1&MainCatID=1
Snohomish,Snohomish,Snohomish School District,city,Community Events,Direct RSS Feed (/RSSFeed.aspx?ModID=58&MainCatID=1),Snohomish RSS Feed,rss,Yes,200,https://www.snohomishwa.gov/RSSFeed.aspx?ModID=58&MainCatID=1
Stanwood,Snohomish,Stanwood-Camano School District,city,City Council,Discovered CivicClerk Meeting Portal,Stanwood CivicClerk Portal,external_link,Yes,200,https://stanwoodwa.civicclerk.com
Stanwood,Snohomish,Stanwood-Camano School District,city,Municipal RSS,Direct RSS Feed (/RSSFeed.aspx?ModID=1&MainCatID=1),Stanwood RSS Feed,rss,Yes,200,https://stanwoodwa.org/RSSFeed.aspx?ModID=1&MainCatID=1
Stanwood,Snohomish,Stanwood-Camano School District,city,Community Events,Direct RSS Feed (/RSSFeed.aspx?ModID=58&MainCatID=1),Stanwood RSS Feed,rss,Yes,200,https://stanwoodwa.org/RSSFeed.aspx?ModID=58&MainCatID=1
Stanwood,Snohomish,Stanwood-Camano School District,school,News Feed,Direct RSS Feed (/rss.cfm?news=0),Stanwood-Camano School District RSS Feed,rss,Yes,200,https://www.stanwood.wednet.edu/rss.cfm?news=0
Sultan,Snohomish,Sultan School District,city,Municipal RSS,Direct RSS Feed (/RSSFeed.aspx?ModID=1&MainCatID=1),Sultan RSS Feed,rss,Yes,200,https://www.sultanwa.gov/RSSFeed.aspx?ModID=1&MainCatID=1
Sultan,Snohomish,Sultan School District,city,Community Events,Direct RSS Feed (/RSSFeed.aspx?ModID=58&MainCatID=1),Sultan RSS Feed,rss,Yes,200,https://www.sultanwa.gov/RSSFeed.aspx?ModID=58&MainCatID=1
